Отметка времени,Никнейм,Трайб,Telegram
11.05.2026 18:00:00,alex,Комета,@alex_tt
11.05.2026 18:00:05,maria,Звезда,@maria_spin
11.05.2026 18:00:10,nick,Спутник,@nick_serve
11.05.2026 18:00:15,denis,Комета,@denis_topspin
11.05.2026 18:00:20,anna,Звезда,@anna_block
11.05.2026 18:00:25,kirill,Спутник,@kirill_loop
11.05.2026 18:00:30,oleg,Комета,@oleg_rally
11.05.2026 18:00:35,sasha,Спутник,@sasha_net
11.05.2026 18:00:40,katya,Звезда,@katya_smash
11.05.2026 18:00:45,roman,Комета,@roman_spin
11.05.2026 18:00:50,ilya,Спутник,@ilya_serve
11.05.2026 18:00:55,vera,Звезда,@vera_drive
11.05.2026 18:01:00,maksim,Комета,@maksim_ping
11.05.2026 18:01:05,elena,Звезда,@elena_tt
11.05.2026 18:01:10,pavel,Спутник,@pavel_return
11.05.2026 18:01:15,alina,Комета,@alina_table
11.05.2026 18:01:20,sergey,Спутник,@sergey_slice
11.05.2026 18:01:25,yana,Звезда,@yana_racket
11.05.2026 18:01:30,vadim,Комета,@vadim_arc
11.05.2026 18:01:35,irina,Спутник,@irina_short
